<?xml version="1.0" encoding="UTF-8"?>
<beans:beans xmlns="http://www.springframework.org/schema/mvc"
	xmlns:xsi="http://www.w3.org/2001/XMLSchema-instance"
	xmlns:beans="http://www.springframework.org/schema/beans"
	xmlns:context="http://www.springframework.org/schema/context"
	xsi:schemaLocation="http://www.springframework.org/schema/mvc 
						https://www.springframework.org/schema/mvc/spring-mvc.xsd
						http://www.springframework.org/schema/beans 
						https://www.springframework.org/schema/beans/spring-beans.xsd
						http://www.springframework.org/schema/context 
						https://www.springframework.org/schema/context/spring-context.xsd">

	<!-- DispatcherServlet Context: defines this servlet's request-processing infrastructure -->
	
	<!-- Enables the Spring MVC @Controller programming model -->
	<annotation-driven />

	<!-- Handles HTTP GET requests for /resources/** by efficiently serving up static resources in the ${webappRoot}/resources directory -->
	<!-- <resources mapping="/resources/**" location="/resources/" /> -->

	<!-- Resolves views selected for rendering by @Controllers to .jsp resources in the /WEB-INF/views directory -->
	<beans:bean class="org.springframework.web.servlet.view.InternalResourceViewResolver">
		<beans:property name="prefix" value="/WEB-INF/views/" /> <!-- 자동으로 앞에 경로값을 붙여준다 -->
		<beans:property name="suffix" value=".jsp" /> <!-- 자동으로 뒤에 값을 붙여준다 -->
		<!-- 뷰 우선순위 설정 -->
		<beans:property name="order" value="1" />
	</beans:bean>
	
	<beans:bean class="org.springframework.web.servlet.view.BeanNameViewResolver">
		<!-- 
				뷰의 실행 우선 순위를 지정하는 부분이다.
				스프링은 컨트롤러가 반환값을 주지 않아도
				자동 뷰가 실행된다.(==> 요청 이름을 이용해서 뷰가 정해진다.)
				
				문제점 ] 뷰를 다른 뷰로 선택하더라도 자동 뷰가 있다.
				
				해결책 ]
						뷰의 우선 순위를 두어서 어떤 뷰가 먼저 실행될지를 지정하게 된다.
						일반뷰는 우선 순위가 1로 자동으로 지정된다,
						지금처럼 만드는 뷰(요청)는 우선 순위를 1보다 앞선 순위로
						지정하여 자동뷰가 실행되지 않도록 해주면 되겠다.
		 -->
		<beans:property name="order" value="0" />
	</beans:bean>
	
	<!-- dao bean 처리 -->
	<beans:import resource="daoContext.xml" /> 
	
	
	<!-- 인터셉터 선언 -->
		<beans:bean id="homeInterceptor" class="com.proj.pro.interceptor.HomeInterceptor2" />
		<!-- 인터셉터와 url 맵핑 -->
		<interceptors>
			<interceptor>
				<mapping path="/**/**/sales_inside.pro"/>
				<mapping path="/**/**/boardDetail.pro"/>
				<beans:ref bean="homeInterceptor" />
			</interceptor>
		</interceptors>
		
		<beans:bean class="org.springframework.web.servlet.view.BeanNameViewResolver">
			<beans:property name="order" value="0" />
		</beans:bean>
	
	
	
	
<!-- 	
<beans:import resource="commons-Context.xml" /> 
 -->	
	<context:component-scan base-package="com.proj.pro" /> <!-- 제일 강력하고 안정적인 컴퍼넌트 -->
	<!-- 
		특정 패키지 안의 클래스들을 스캔하고
		annotation 을 확인한 후
		bean 처리를 한다.
		
		
		참고 ]
			<context:annotation-config >
			
			이미 등록된 bean들의 annotation을 활성화 시키기위한 태그
			
			==> 이 태그는 bean을 등록하는 작업을 하지 않는다.
			
	 -->
</beans:beans>
