<?xml version="1.0" encoding="UTF-8"?>

<!DOCTYPE mapper
 			PUBLIC "-//mybatis.org//DTD Mapper 3.0//EN"
 					"http://mybatis.org/dtd/mybatis-3-mapper.dtd">


<mapper namespace="bSQL">
	
	<update id="cnt" parameterType="int">
	UPDATE
    	board
	SET
  	 	vcnt = vcnt+1
	where
   		bdno =#{bdno}
	</update>
	<select id="cocnt" resultType="bVO" >
	SELECT
	    borino, count(*) ccnt
	FROM
	    board
	WHERE
	    bdshow = 'Y' AND
	    borino IS NOT NULL
	GROUP BY
		borino;

    </select>
	<select id="getTotal" resultType="int" parameterType="bVO">
			SELECT 
			   count(*) cnt 
			FROM 
			   board 
			<where>
			bdshow = 'Y' AND
			bdct != '댓글'
		 	 <trim prefix="AND">
					<choose>
						<when test="bdct != null">
							 bdct = #{bdct}
						</when>
						<when test="type == 'bdtt'">
							 bdtt Like '%'||#{input}||'%' 
						</when>
						<when test="type == 'bdbd'">
							bdbd Like '%'||#{input}||'%' 
						</when>
						<when test="type == 'name'">
							name Like '%'||#{input}||'%' 
						</when>
					</choose>
				</trim>
		</where>
	</select>
	
	<select id="boardList" resultType="bVO" parameterType="bVO">
		SELECT
			rno, bdno, bdct, bdtt, name, today, vcnt, ccnt
		FROM
			( SELECT
				ROWNUM rno, bdno, bdct, bdtt, name, today, vcnt
				FROM
					(SELECT
						bdno, bdct, bdtt, name,today, vcnt
					FROM
						board b, member m
					<where>
						b.memno = m.memno AND
						b.bdshow = 'Y' AND
						bdct != '댓글'
		 				 <trim prefix="AND">
							<choose>
								<when test="bdct != null">
									 bdct = #{bdct}
								</when>
								<when test="type == 'bdtt'">
									 bdtt Like '%'||#{input}||'%' 
								</when>
								<when test="type == 'bdbd'">
									bdbd Like '%'||#{input}||'%' 
								</when>
								<when test="type == 'name'">
									name Like '%'||#{input}||'%' 
								</when>
							</choose>
						</trim>
					</where>
				
					)d
					),(SELECT
			            borino, count(*) ccnt
			        FROM
			            board
			        WHERE
			            bdshow = 'Y' AND
			            borino IS NOT NULL
			        GROUP BY
			        borino) c
   		WHERE
       	c.borino(+) = bdno
	ORDER BY
		bdno DESC
		
	</select>
	
	<select id="boardDetail" resultType="bVO">
		SELECT
		today, name, bdtt,
		bdbd, vcnt, m.memid ,bdno
		FROM
		board b, member m
		where
		b.memno = m.memno
		AND
		bdno = #{bdno}
	</select>

	<insert id="boardWrite" parameterType="bVO">
		insert into
		board(bdno,
		bdct, bdtt, bdbd, memno)
		VALUES((SELECT NVL(MAX(bdno) + 1, 1000) FROM
		board), #{bdct}, #{bdtt}, #{bdbd},
		(SELECT memno FROM MEMBER WHERE
		memid = #{memid}))
	</insert>
	
	<insert id="comment" parameterType="bVO" >
		insert into
	   		 board(bdno,bdct, bdtt, bdbd, memno, borino)
		VALUES((SELECT NVL(MAX(bdno) + 1, 1000) FROM board), '댓글','댓글', #{bdbd},
					(SELECT memno FROM MEMBER WHERE memid = #{memid}),#{borino})
	</insert>
	

	<select id="boardEditView" resultType="bVO">
		SELECT
		bdtt, bdbd, bdct
		FROM
		board
		WHERE
		bdno = #{bdno}

	</select>
	
	<update id="boardEdit">
		UPDATE
		board
		SET
		bdct = #{bdct}, bdtt = #{bdtt}, bdbd = #{bdbd}
		WHERE
		bdno = #{bdno}
	</update>
	
	<update id="Delete">
		UPDATE
		board
		SET
		bdshow = 'N'
		WHERE
		bdno = #{bdno}
	</update>
	
	<select id="rest" resultType="bVO">
		SELECT
		bdno, name, bdbd, today
		FROM
		board b, member m
		WHERE
		m.memno= b.memno AND
		BDCT = '댓글' AND
		b.bdshow = 'Y' AND
		b.borino = #{bdno}
		ORDER BY
		bdno DESC
	</select>
	<select id="search" parameterType="bVO" resultType="bVO">
		SELECT 
		   rno, bdno, bdct, bdtt, name, today, vcnt 
		FROM 
		   ( 
		   SELECT 
		      ROWNUM rno, bdno, bdct, bdtt, name, today, vcnt 
		   FROM 
		      ( 
		 SELECT 
		  bdno, bdct, bdtt, name, today, vcnt 
		 FROM 
		    member m, board b 
		 WHERE 
		    b.memno = m.memno AND 
		    b.bdshow = 'Y' AND 
		    bdct != '댓글' 
		   <trim prefix="AND">
					<choose>
						<when test="type == 'bdtt'">
							 bdtt Like '%'||#{input}||'%' 
						</when>
						<when test="type == 'bdbd'">
							bdbd Like '%'||#{input}||'%' 
						</when>
						<when test="type == 'name'">
							name Like '%'||#{input}||'%' 
						</when>
					</choose>
				</trim>
		  ORDER BY 
		    bdno DESC 
		   ) 
		)

		
	</select>
	<select id="starRanking" resultType = "sVO">
	SELECT
    	AVG(rst) rst, bname
	FROM
		review r, promotion p, member m
	WHERE
   		 r.pno = p.pno AND
    	p.memno= m.memno
	GROUP by
    	m.bname
	</select>

</mapper>