<?xml version="1.0" encoding="UTF-8"?>

<!DOCTYPE mapper
 			PUBLIC "-//mybatis.org//DTD Mapper 3.0//EN"
 					"http://mybatis.org/dtd/mybatis-3-mapper.dtd">
 					

<mapper namespace="qSQL">
	<!-- 작성글 리스트 가져오기 -->
	<select id="qnaList" resultType="qVO" parameterType="page">
		SELECT
     qno, qtt, name, today, cnt, qhits
FROM(
    SELECT
        ROWNUM rno, q.qno, qtt, name, q.today today, cnt, qhits
    FROM
        qna q, member m,
        (
            select
              qorno, count(*) cnt
            from
                qna
            where
                qorno is not null
                AND qshow ='Y'
            group by
                qorno
        ) qq
    WHERE
        m.memno = q.memno
        AND q.qshow = 'Y'
        AND q.qorno is null
        AND q.qno = qq.qorno(+)
    ORDER BY
        q.today desc)
WHERE
    rno BETWEEN #{startCont} AND #{endCont}
    
	</select>
	<!-- 페이징 처리 -->
	<select id="selCnt" resultType="int">
		SELECT
			COUNT(*) totalCount
		FROM
			qna
		WHERE
			qshow = 'Y'
	</select>
	
	
	<!-- 작성자이름 선택 sql -->
	<select id="qnaName" resultType="String">
		SELECT
			name
		FROM
			member
		WHERE
			memid = #{SID}
	</select>
	
	<!-- 작성글 상세보기 sql -->
	<select id="qnaDetail" resultType="qVO">
		SELECT
			qtt, qip, TO_CHAR(today, 'yyyy/MM/dd') today, name, memid
		FROM
			qna q, member m
		WHERE
			qno = #{qno}
			AND q.memno = m.memno
	</select>
	
	<!-- 글쓰기 sql -->
	<insert id="qnaWrite" >
		INSERT INTO
			qna(qno, qtt, qip, memno)
		VALUES(
			(SELECT NVL(MAX(qno)+1,1000)FROM qna),
			#{qtt}, #{qip}, (SELECT memno FROM member WHERE memid = #{memid})
			  )
	</insert>
	
	<!-- Q&A 글 삭제 -->
	<update id="qnaDel">
		UPDATE
			qna
		SET
			qshow = 'N'
		WHERE 
			qno = #{qno}
	</update>
	 <!-- Q&A 관리자 답변 삭제 -->
	  <update id="qnaDel2">
	 	UPDATE
	 		qna
	 	SET
	 		qshow = 'N'
	 	WHERE
	 		qorno = #{qno}
	 </update> 
	
	<!-- Q&A 글 수정 -->
	<update id="mobtn" parameterType="qVO">
		UPDATE
			qna
		SET
			qtt = #{qtt},
            qip = #{qip}
		WHERE 
            qno = #{qno}
	</update>
	
	<update id="mobtnn" parameterType="qVO">
		UPDATE
			qna
		SET
			qtt= #{qtt}
			qip= #{qip}
		WHERE
			qorno =#{qorno}
	</update>
	
	<!-- Q&A 관리자가 답변처리 -->
	<insert id="qnamno" parameterType="qVO">
		INSERT INTO
    		qna(qno, qtt, qip, qorno, memno)
		VALUES(
    		(SELECT NVL (MAX(qno) + 1, 1000) FROM qna),
     		#{qtt}, #{qip}, #{qorno}, (SELECT memno FROM member WHERE memid = #{memid})
     		)
	
		
	</insert>
	<!-- 관리자 답변 리스트 처리 -->
	<select id="qornoList" resultType="qVO"  parameterType="int">
	SELECT
			qtt, qip, TO_CHAR(today, 'yyyy/MM/dd') today, name, memid
		FROM
			qna q, member m
		WHERE
			qorno = #{qorno}
			AND q.memno = m.memno
			AND qshow = 'Y'
		
			
	</select>
	<!-- 답변 확인 유무 -->
	<!-- <update id="qnaok" parameterType="int">
		UPDATE
			qna
		SET
			ok = 'Y'
		WHERE
			qno = #{qorno}
	</update> -->
	
	<!-- 조회수 up -->
	<update id="hits" parameterType="int">
	UPDATE 
    	qna
	SET
    	qhits = qhits + 1
	WHERE
    	qno = #{qno}
	</update>
	<select id="selTop" resultType="qVO">
	SELECT 
    qno, qtt, qip, name, today, qorno, memno, qhits
	FROM
    (
    SELECT qno, qtt, qip, name, today, qorno, q.memno memno, qhits
    FROM qna q, member m
    WHERE q.memno = m.memno
    ORDER BY qhits DESC
    )
	WHERE 
		ROWNUM BETWEEN 1 AND 5
	</select>
	
</mapper>